View,,,,,,Grandparent,,,Parent,,,Child,,
requestLayout,,,forceLayout,,,,,,,,,,,
G,P,C,G,P,C,onMeasure,onLayout,onDraw,onMeasure,onLayout,onDraw,onMeasure,onLayout,onDraw
,,,,,X,,,,,,,,,
,,,,X,,,,,,,,,,
,,,,X,X,,,,,,,,,
,,,X,,,,,,,,,,,
,,,X,,X,,,,,,,,,
,,,X,X,,,,,,,,,,
,,,X,X,X,,,,,,,,,X
,,X,,,,X,X,,X,X,,X,X,X
,,X,,,X,X,X,,X,X,,X,X,X
,,X,,X,,,,,,,,,,
,,X,,X,X,,,,,,,,,
,,X,X,,,,,,,,,,,X
,,X,X,,X,,,,,,,,,X
,,X,X,X,,,,,,,,,,X
,,X,X,X,X,,,,,,,,,X
,X,,,,,X,X,,X,X,,,,
,X,,,,X,X,X,,X,X,,X,X,X
,X,,,X,,X,X,,X,X,,,,
,X,,,X,X,X,X,,X,X,,X,X,X
,X,,X,,,,,,,,,,,
,X,,X,,X,,,,,,,,,X
,X,,X,X,,,,,,,,,,
,X,,X,X,X,,,,,,,,,X
,X,X,,,,X,X,,X,X,,X,X,X
,X,X,,,X,X,X,,X,X,,X,X,X
,X,X,,X,,X,X,,X,X,,X,X,X
,X,X,,X,X,X,X,,X,X,,X,X,X
,X,X,X,,,,,,,,,,,X
,X,X,X,,X,,,,,,,,,X
,X,X,X,X,,,,,,,,,,X
,X,X,X,X,X,,,,,,,,,X
X,,,,,,X,X,,,,,,,
X,,,,,X,X,X,,,,,,,
X,,,,X,,X,X,,X,X,,,,
X,,,,X,X,X,X,,X,X,,X,X,X
X,,,X,,,X,X,,,,,,,
X,,,X,,X,X,X,,,,,,,
X,,,X,X,,X,X,,X,X,,,,
X,,,X,X,X,X,X,,X,X,,X,X,X
X,,X,,,,X,X,,X,X,,X,X,X
X,,X,,,X,X,X,,X,X,,X,X,X
X,,X,,X,,X,X,,X,X,,X,X,X
X,,X,,X,X,X,X,,X,X,,X,X,X
X,,X,X,,,X,X,,X,X,,X,X,X
X,,X,X,,X,X,X,,X,X,,X,X,X
X,,X,X,X,,X,X,,X,X,,X,X,X
X,,X,X,X,X,X,X,,X,X,,X,X,X
X,X,,,,,X,X,,X,X,,,,
X,X,,,,X,X,X,,X,X,,X,X,X
X,X,,,X,,X,X,,X,X,,,,
X,X,,,X,X,X,X,,X,X,,X,X,X
X,X,,X,,,X,X,,X,X,,,,
X,X,,X,,X,X,X,,X,X,,X,X,X
X,X,,X,X,,X,X,,X,X,,,,
X,X,,X,X,X,X,X,,X,X,,X,X,X
X,X,X,,,,X,X,,X,X,,X,X,X
X,X,X,,,X,X,X,,X,X,,X,X,X
X,X,X,,X,,X,X,,X,X,,X,X,X
X,X,X,,X,X,X,X,,X,X,,X,X,X
X,X,X,X,,,X,X,,X,X,,X,X,X
X,X,X,X,,X,X,X,,X,X,,X,X,X
X,X,X,X,X,,X,X,,X,X,,X,X,X
X,X,X,X,X,X,X,X,,X,X,,X,X,X
